-- phpMyAdmin SQL Dump
-- version 4.5.1
-- http://www.phpmyadmin.net
--
-- Servidor: 127.0.0.1
-- Tiempo de generación: 06-12-2017 a las 21:58:10
-- Versión del servidor: 10.1.19-MariaDB
-- Versión de PHP: 5.6.28

SET SQL_MODE = "NO_AUTO_VALUE_ON_ZERO";
SET time_zone = "+00:00";


/*!40101 SET @OLD_CHARACTER_SET_CLIENT=@@CHARACTER_SET_CLIENT */;
/*!40101 SET @OLD_CHARACTER_SET_RESULTS=@@CHARACTER_SET_RESULTS */;
/*!40101 SET @OLD_COLLATION_CONNECTION=@@COLLATION_CONNECTION */;
/*!40101 SET NAMES utf8mb4 */;

--
-- Base de datos: `ejemplo`
--

-- --------------------------------------------------------

--
-- Estructura de tabla para la tabla `envios`
--

CREATE TABLE `envios` (
  `Numero` int(11) NOT NULL,
  `pNumero` int(11) NOT NULL,
  `Cantidad` int(11) NOT NULL
) ENGINE=InnoDB DEFAULT CHARSET=utf8 COLLATE=utf8_spanish2_ci;

--
-- Volcado de datos para la tabla `envios`
--

INSERT INTO `envios` (`Numero`, `pNumero`, `Cantidad`) VALUES
(100, 1, 500),
(100, 2, 1500),
(100, 3, 100),
(101, 2, 55),
(101, 3, 225),
(102, 1, 600),
(102, 3, 300);

-- --------------------------------------------------------

--
-- Estructura de tabla para la tabla `productos`
--

CREATE TABLE `productos` (
  `pNumero` int(11) NOT NULL,
  `pNombre` varchar(30) COLLATE utf8_spanish2_ci NOT NULL,
  `Precio` float NOT NULL,
  `Tamaño` varchar(20) COLLATE utf8_spanish2_ci NOT NULL
) ENGINE=InnoDB DEFAULT CHARSET=utf8 COLLATE=utf8_spanish2_ci;

--
-- Volcado de datos para la tabla `productos`
--

INSERT INTO `productos` (`pNumero`, `pNombre`, `Precio`, `Tamaño`) VALUES
(2, 'Cigarrillos', 45.89, 'Mediano'),
(3, 'Gaseosa', 97.5, 'Grande'),
(4, 'Chocolate', 25.35, 'Mediano');

-- --------------------------------------------------------

--
-- Estructura de tabla para la tabla `provedores`
--

CREATE TABLE `provedores` (
  `Numero` int(11) NOT NULL,
  `Nombre` varchar(30) COLLATE utf8_spanish2_ci NOT NULL,
  `Domicilio` varchar(50) COLLATE utf8_spanish2_ci NOT NULL,
  `Localidad` varchar(80) COLLATE utf8_spanish2_ci NOT NULL
) ENGINE=InnoDB DEFAULT CHARSET=utf8 COLLATE=utf8_spanish2_ci;

--
-- Volcado de datos para la tabla `provedores`
--

INSERT INTO `provedores` (`Numero`, `Nombre`, `Domicilio`, `Localidad`) VALUES
(50, 'Ramiro', 'Av patricios 565', 'Barracas'),
(100, 'Perez', 'Perón 876', 'Quilmes'),
(101, 'Gimenez', 'Mitre 750', 'Avellaneda'),
(102, 'Aguirre', 'Boedo 634', 'Bernal'),
(107, 'Rosales', 'Calle falsa 123', 'La Plata');

-- --------------------------------------------------------

--
-- Estructura de tabla para la tabla `usuario`
--

CREATE TABLE `usuario` (
  `id` int(11) NOT NULL,
  `nombre` varchar(50) COLLATE utf8_spanish2_ci NOT NULL,
  `clave` varchar(50) COLLATE utf8_spanish2_ci NOT NULL,
  `fecha` timestamp NOT NULL DEFAULT CURRENT_TIMESTAMP
) ENGINE=InnoDB DEFAULT CHARSET=utf8 COLLATE=utf8_spanish2_ci;

--
-- Volcado de datos para la tabla `usuario`
--

INSERT INTO `usuario` (`id`, `nombre`, `clave`, `fecha`) VALUES
(1, 'Jorge', '123', '2017-12-06 17:39:23'),
(2, 'Rogelio', '333', '2017-12-06 17:39:23');

--
-- Índices para tablas volcadas
--

--
-- Indices de la tabla `productos`
--
ALTER TABLE `productos`
  ADD PRIMARY KEY (`pNumero`);

--
-- Indices de la tabla `provedores`
--
ALTER TABLE `provedores`
  ADD PRIMARY KEY (`Numero`);

--
-- Indices de la tabla `usuario`
--
ALTER TABLE `usuario`
  ADD PRIMARY KEY (`id`);

--
-- AUTO_INCREMENT de las tablas volcadas
--

--
-- AUTO_INCREMENT de la tabla `usuario`
--
ALTER TABLE `usuario`
  MODIFY `id` int(11) NOT NULL AUTO_INCREMENT, AUTO_INCREMENT=3;
/*!40101 SET CHARACTER_SET_CLIENT=@OLD_CHARACTER_SET_CLIENT */;
/*!40101 SET CHARACTER_SET_RESULTS=@OLD_CHARACTER_SET_RESULTS */;
/*!40101 SET COLLATION_CONNECTION=@OLD_COLLATION_CONNECTION */;
